Workbook

Sheet all_ports_list
A1: Port Name(English) | B1: Port Name(Chinese) | C1: WNI_Port Code | D1: Port_Code_5 | E1: Country | F1: Station ID (WNI) | G1: Station ID (AWT) | H1: Lat | I1: Lon
A2: JEBEL ALI | B2: 傑貝阿里港 | C2: JBA | D2: AEJEA | E2: UNITED ARAB EMIRATES | F2: 100758 | G2: 6375 | H2: 25.0447 | I2: 54.9889
A3: DALIAN | B3: 大連港 | C3: DLN | D3: CNDLC | E3: CHINA | F3: 100426 | G3: 7323 | H3: 38.9449 | I3: 121.6757
A4: FUZHOU | B4: 福州港 | C4: FUZ | D4: CNFOC | E4: CHINA | F4: 100539 | G4: 8180 | H4: 26.0473 | I4: 119.3016
A5: TIANJIN | B5: 天津港 | C5: TNJ | D5: CNHSK | E5: CHINA | F5: 101822 | G5: 4443 | H5: 38.575 | I5: 117.492
A6: JIAXING | B6: 嘉興港(乍浦港) | C6: CHSN | D6: CNJIA | E6: CHINA | F6: 100319 | G6: 10789 | H6: 30.5778 | I6: 121.1087
A7: LIANYUNGANG | B7: 連雲港 | C7: LNG | D7: CNLYG | E7: CHINA | F7: 100952 | G7: 7981 | H7: 34.7432 | I7: 119.5295
A8: NINGBO | B8: 寧波北侖港 | C8: BEIL | D8: CNNGB | E8: CHINA | F8: 100150 | G8: 6800 | H8: 29.9485 | I8: 121.8638
A9: NANSHA | B9: 南沙港 | C9: NSA | D9: CNNSS | E9: CHINA | F9: 101223 | G9: 8588 | H9: 22.6325 | I9: 113.6947
A10: QUANZHOU | B10: 泉州港 | C10: QZH | D10: CNQZH | E10: CHINA | F10: 101475 | G10: 8113 | H10: 24.8858 | I10: 118.584
A11: RIZHAO | B11: 日照港 | C11: RZH | D11: CNRZH | E11: CHINA | F11: 101541 | G11: 4555 | H11: 35.3624 | I11: 119.5793
A12: SHANGHAI | B12: 上海港 | C12: SHA | D12: CNSHA | E12: CHINA | F12: 101609 | G12: 6291 | H12: 31.3739 | I12: 121.602
A13: ZHOUSHAN | B13: 舟山港 | C13: ZOS | D13: CNZOS | E13: CHINA | F13: 102013 | G13: 7436 | H13: 29.9917 | I13: 122.1033
A14: CHANG JIANG KOU | B14: 長江口錨地 | C14: NJK | E14: CHINA | F14: 100314 | G14: 7349 | H14: 31.0733 | I14: 122.4217
A15: SHEKOU | B15: 蛇口港 | C15: SHK | D15: CNSKU | E15: CHINA | F15: 101616 | G15: 7921 | H15: 22.472 | I15: 113.918
A16: QINGDAO | B16: 青島港 | C16: QUN | D16: CNTAO | E16: CHINA | F16: 101473 | G16: 6318 | H16: 36.0822 | I16: 120.2905
A17: XIAMEN | B17: 廈門港 | C17: XIA | D17: CNXMN | E17: CHINA | F17: 101962 | G17: 7885 | H17: 24.4966 | I17: 118.0661
A18: YANTIAN | B18: 鹽田港 | C18: YNT | D18: CNYTN | E18: CHINA | F18: 101987 | G18: 7884 | H18: 22.56 | I18: 114.3
A19: ZHANJIANG | B19: 湛江港 | C19: ZJG | D19: CNZHA | E19: CHINA | F19: 102016 | G19: 7795 | H19: 21.1707 | I19: 110.4181
A20: BUENAVENTURA | B20: 布埃納文圖拉港 | C20: BVENT | D20: COBUN | E20: COLOMBIA | F20: 100255 | G20: 4528 | H20: 3.8859 | I20: -77.0861
A21: GUAYAQUIL | B21: 瓜亞基爾港 | C21: GUY | D21: ECGYE | E21: ECUADOR | F21: 100616 | G21: 4320 | H21: -2.2865 | I21: -79.9019
A22: SOKHNA | B22: 蘇科納港 | C22: SKH | D22: EGSOK | E22: EGYPT | F22: 101643 | G22: 8813 | H22: 29.6455 | I22: 32.3755
A23: PUERTO QUETZAL | B23: 夸特渣爾港 | C23: PQL | D23: GTPRQ | E23: GUATEMALA | F23: 101412 | G23: 7250 | H23: 13.9086 | I23: -90.7784
A24: HONG KONG | B24: 香港 | C24: HKG | D24: HKHKG | E24: CHINA | F24: 100656 | G24: 7300 | H24: 22.2916 | I24: 114.1596
A25: BELAWAN | B25: 巴拉旺港 | C25: BLA | D25: IDBLW | E25: INDONESIA | F25: 100176 | G25: 5200 | H25: 3.8031 | I25: 98.7217
A26: JAKARTA | B26: 雅加達港 | C26: TJP | D26: IDJKT | E26: INDONESIA | F26: 101804 | G26: 6315 | H26: -6.0715 | I26: 106.8825
... A90: PUSAN NEWPORT | B90: 釜山新港 | C90: BUSN | D90: KRBNP | E90: KOREA, REPUBLIC OF | F90: 100253 | G90: 10310 | H90: 35.0445 | I90: 128.7741
A91: VUNG TAU P/S | B91: 頭頓 | C91: VGT | E91: VIET NAM | F91: 101905 | G91: 6373 | H91: 10.345 | I91: 107.06

Sheet 工作表2
A1: # | B1: Port Name(English) | C1: Port Name(Chinese) | D1: WNI_Port Code | E1: Port_Code_5 | F1: Country | G1: Station ID (Object_ID) | H1: Lat | I1: Lon
A2: 1 | B2: JEBEL ALI | C2: 傑貝阿里港 | D2: =VLOOKUP(B2,all_ports_list!$A$2:$I$88,3,FALSE) -> JBA | E2: =VLOOKUP(B2,all_ports_list!$A$2:$I$88,4,FALSE) -> AEJEA | F2: =VLOOKUP(B2,all_ports_list!$A$2:$I$88,5,FALSE) -> UNITED ARAB EMIRATES | G2: =VLOOKUP(B2,all_ports_list!$A$2:$I$88,6,FALSE) -> 100758 | H2: =VLOOKUP(B2,all_ports_list!$A$2:$I$88,7,FALSE) -> 6375 | I2: =VLOOKUP(B2,all_ports_list!$A$2:$I$88,8,FALSE) -> 25.0447
A3: 2 | B3: DALIAN | C3: 大連港 | D3: =VLOOKUP(B3,all_ports_list!$A$2:$I$88,3,FALSE) -> DLN | E3: =VLOOKUP(B3,all_ports_list!$A$2:$I$88,4,FALSE) -> CNDLC | F3: =VLOOKUP(B3,all_ports_list!$A$2:$I$88,5,FALSE) -> CHINA | G3: =VLOOKUP(B3,all_ports_list!$A$2:$I$88,6,FALSE) -> 100426 | H3: =VLOOKUP(B3,all_ports_list!$A$2:$I$88,7,FALSE) -> 7323 | I3: =VLOOKUP(B3,all_ports_list!$A$2:$I$88,8,FALSE) -> 38.9449
A4: 3 | B4: FUZHOU | C4: 福州港 | D4: =VLOOKUP(B4,all_ports_list!$A$2:$I$88,3,FALSE) -> FUZ | E4: =VLOOKUP(B4,all_ports_list!$A$2:$I$88,4,FALSE) -> CNFOC | F4: =VLOOKUP(B4,all_ports_list!$A$2:$I$88,5,FALSE) -> CHINA | G4: =VLOOKUP(B4,all_ports_list!$A$2:$I$88,6,FALSE) -> 100539 | H4: =VLOOKUP(B4,all_ports_list!$A$2:$I$88,7,FALSE) -> 8180 | I4: =VLOOKUP(B4,all_ports_list!$A$2:$I$88,8,FALSE) -> 26.0473
A5: 4 | B5: TIANJIN | C5: 天津港 | D5: =VLOOKUP(B5,all_ports_list!$A$2:$I$88,3,FALSE) -> TNJ | E5: =VLOOKUP(B5,all_ports_list!$A$2:$I$88,4,FALSE) -> CNHSK | F5: =VLOOKUP(B5,all_ports_list!$A$2:$I$88,5,FALSE) -> CHINA | G5: =VLOOKUP(B5,all_ports_list!$A$2:$I$88,6,FALSE) -> 101822 | H5: =VLOOKUP(B5,all_ports_list!$A$2:$I$88,7,FALSE) -> 4443 | I5: =VLOOKUP(B5,all_ports_list!$A$2:$I$88,8,FALSE) -> 38.575
A6: 5 | B6: JIAXING(ZHAPU) | C6: 嘉興港（乍浦港） | D6: =VLOOKUP(B6,all_ports_list!$A$2:$I$88,3,FALSE) -> #N/A | E6: =VLOOKUP(B6,all_ports_list!$A$2:$I$88,4,FALSE) -> #N/A | F6: =VLOOKUP(B6,all_ports_list!$A$2:$I$88,5,FALSE) -> #N/A | G6: =VLOOKUP(B6,all_ports_list!$A$2:$I$88,6,FALSE) -> #N/A | H6: =VLOOKUP(B6,all_ports_list!$A$2:$I$88,7,FALSE) -> #N/A | I6: =VLOOKUP(B6,all_ports_list!$A$2:$I$88,8,FALSE) -> #N/A
A7: 6 | B7: LIANYUNGANG | C7: 連雲港 | D7: =VLOOKUP(B7,all_ports_list!$A$2:$I$88,3,FALSE) -> LNG | E7: =VLOOKUP(B7,all_ports_list!$A$2:$I$88,4,FALSE) -> CNLYG | F7: =VLOOKUP(B7,all_ports_list!$A$2:$I$88,5,FALSE) -> CHINA | G7: =VLOOKUP(B7,all_ports_list!$A$2:$I$88,6,FALSE) -> 100952 | H7: =VLOOKUP(B7,all_ports_list!$A$2:$I$88,7,FALSE) -> 7981 | I7: =VLOOKUP(B7,all_ports_list!$A$2:$I$88,8,FALSE) -> 34.7432
A8: 7 | B8: NINGBO/BEILUN | C8: 寧波北侖港 | D8: =VLOOKUP(B8,all_ports_list!$A$2:$I$88,3,FALSE) -> #N/A | E8: =VLOOKUP(B8,all_ports_list!$A$2:$I$88,4,FALSE) -> #N/A | F8: =VLOOKUP(B8,all_ports_list!$A$2:$I$88,5,FALSE) -> #N/A | G8: =VLOOKUP(B8,all_ports_list!$A$2:$I$88,6,FALSE) -> #N/A | H8: =VLOOKUP(B8,all_ports_list!$A$2:$I$88,7,FALSE) -> #N/A | I8: =VLOOKUP(B8,all_ports_list!$A$2:$I$88,8,FALSE) -> #N/A
A9: 8 | B9: XIAZHI MEN SOUTHERN ANCHORAGE | C9: 峽石門南錨地 | D9: =VLOOKUP(B9,all_ports_list!$A$2:$I$88,3,FALSE) -> #N/A | E9: =VLOOKUP(B9,all_ports_list!$A$2:$I$88,4,FALSE) -> #N/A | F9: =VLOOKUP(B9,all_ports_list!$A$2:$I$88,5,FALSE) -> #N/A | G9: =VLOOKUP(B9,all_ports_list!$A$2:$I$88,6,FALSE) -> #N/A | H9: =VLOOKUP(B9,all_ports_list!$A$2:$I$88,7,FALSE) -> #N/A | I9: =VLOOKUP(B9,all_ports_list!$A$2:$I$88,8,FALSE) -> #N/A
A10: 9 | B10: NANSHA | C10: 南沙港 | D10: =VLOOKUP(B10,all_ports_list!$A$2:$I$88,3,FALSE) -> NSA | E10: =VLOOKUP(B10,all_ports_list!$A$2:$I$88,4,FALSE) -> CNNSS | F10: =VLOOKUP(B10,all_ports_list!$A$2:$I$88,5,FALSE) -> CHINA | G10: =VLOOKUP(B10,all_ports_list!$A$2:$I$88,6,FALSE) -> 101223 | H10: =VLOOKUP(B10,all_ports_list!$A$2:$I$88,7,FALSE) -> 8588 | I10: =VLOOKUP(B10,all_ports_list!$A$2:$I$88,8,FALSE) -> 22.6325
A11: 10 | B11: QUANZHOU | C11: 泉州港 | D11: =VLOOKUP(B11,all_ports_list!$A$2:$I$88,3,FALSE) -> QZH | E11: =VLOOKUP(B11,all_ports_list!$A$2:$I$88,4,FALSE) -> CNQZH | F11: =VLOOKUP(B11,all_ports_list!$A$2:$I$88,5,FALSE) -> CHINA | G11: =VLOOKUP(B11,all_ports_list!$A$2:$I$88,6,FALSE) -> 101475 | H11: =VLOOKUP(B11,all_ports_list!$A$2:$I$88,7,FALSE) -> 8113 | I11: =VLOOKUP(B11,all_ports_list!$A$2:$I$88,8,FALSE) -> 24.8858
A12: 11 | B12: RIZHAO | C12: 日照港 | D12: =VLOOKUP(B12,all_ports_list!$A$2:$I$88,3,FALSE) -> RZH | E12: =VLOOKUP(B12,all_ports_list!$A$2:$I$88,4,FALSE) -> CNRZH | F12: =VLOOKUP(B12,all_ports_list!$A$2:$I$88,5,FALSE) -> CHINA | G12: =VLOOKUP(B12,all_ports_list!$A$2:$I$88,6,FALSE) -> 101541 | H12: =VLOOKUP(B12,all_ports_list!$A$2:$I$88,7,FALSE) -> 4555 | I12: =VLOOKUP(B12,all_ports_list!$A$2:$I$88,8,FALSE) -> 35.3624
A13: 12 | B13: SHANGHAI | C13: 上海港 | D13: =VLOOKUP(B13,all_ports_list!$A$2:$I$88,3,FALSE) -> SHA | E13: =VLOOKUP(B13,all_ports_list!$A$2:$I$88,4,FALSE) -> CNSHA | F13: =VLOOKUP(B13,all_ports_list!$A$2:$I$88,5,FALSE) -> CHINA | G13: =VLOOKUP(B13,all_ports_list!$A$2:$I$88,6,FALSE) -> 101609 | H13: =VLOOKUP(B13,all_ports_list!$A$2:$I$88,7,FALSE) -> 6291 | I13: =VLOOKUP(B13,all_ports_list!$A$2:$I$88,8,FALSE) -> 31.3739
... A93: 92 | B93: VUNG TAU | C93: 頭頓港 | D93: =VLOOKUP(B93,all_ports_list!$A$2:$I$88,3,FALSE) -> #N/A | E93: =VLOOKUP(B93,all_ports_list!$A$2:$I$88,4,FALSE) -> #N/A | F93: =VLOOKUP(B93,all_ports_list!$A$2:$I$88,5,FALSE) -> #N/A | G93: =VLOOKUP(B93,all_ports_list!$A$2:$I$88,6,FALSE) -> #N/A | H93: =VLOOKUP(B93,all_ports_list!$A$2:$I$88,7,FALSE) -> #N/A | I93: =VLOOKUP(B93,all_ports_list!$A$2:$I$88,8,FALSE) -> #N/A
